val_acc,val_loss,epoch,step,train_acc,train_loss
0.4679614305496216,1.7614365816116333,0,399,,
,,0,399,0.3702593743801117,2.1914258003234863
