val_acc,val_loss,epoch,step
0.6140350699424744,0.7263296246528625,0,0
